{
    "v": "5.7.1",
    "fr": 30,
    "ip": 0,
    "op": 60,
    "w": 200,
    "h": 200,
    "layers": [
      {
        "ty": 4,
        "nm": "Magnifying Glass",
        "shapes": [
          {
            "ty": "el",
            "p": {"a": 1, "k": [{"t": 0, "v": [100, 100]}, {"t": 30, "v": [120, 100]}, {"t": 60, "v": [100, 100]}]},
            "s": {"a": 0, "k": [40, 40]}
          },
          {
            "ty": "rc",
            "p": {"a": 1, "k": [{"t": 0, "v": [100, 120]}, {"t": 30, "v": [120, 120]}, {"t": 60, "v": [100, 120]}]},
            "s": {"a": 0, "k": [10, 30]}
          }
        ]
      }
    ]
  }